﻿<?xml version="1.0" encoding="utf-8"?>
<RecentLinks>
    <Dialog Name="B3.XmlMdiEditorKit.ImageGeneralDialogPage">
        <Link Value="C:\Users\KD\OneDrive\Desktop\Madclap Flare\ContentMagicDocumnetation\Content\Resources\Images\11.PNG" />
    </Dialog>
    <Dialog Name="B3.XmlTextKit.MultimediaGeneralDialogPage" />
    <Dialog Name="B3.XmlTextKit.InsertHyperlinkDialog">
        <Link Value="C:\Users\KD\OneDrive\Desktop\Madclap Flare\ContentMagicDocumnetation\Content\Release Notes\What's New.htm" />
    </Dialog>
    <Dialog Name="B3.XmlTextKit.InsertCrossReferenceDialog" />
</RecentLinks>